{"cameraMode":{"drawMode":0,"name":"Shaded","section":"Shading Mode"},"sceneLighting":false,"audioPlay":false,"sceneViewState":{"m_AlwaysRefresh":false,"showFog":true,"showSkybox":false,"showFlares":true,"showImageEffects":true,"showParticleSystems":true,"showVisualEffectGraphs":true,"m_FxEnabled":true},"in2DMode":false,"pivot":{"x":-1.4262648820877076,"y":1.2477524280548096,"z":0.6146568655967712},"rotation":{"x":0.24906882643699647,"y":0.045301638543605807,"z":-0.011663878336548806,"w":0.9673566818237305},"size":3.1190314292907717,"orthographic":false}