{"cameraMode":{"drawMode":0,"name":"Shaded","section":"Shading Mode"},"sceneLighting":true,"audioPlay":false,"sceneViewState":{"m_AlwaysRefresh":false,"showFog":true,"showSkybox":true,"showFlares":true,"showImageEffects":true,"showParticleSystems":true,"showVisualEffectGraphs":true,"m_FxEnabled":true},"in2DMode":false,"pivot":{"x":278.8724670410156,"y":104.9312973022461,"z":424.6168212890625},"rotation":{"x":-0.07941919565200806,"y":0.008370617404580117,"z":-0.000841265544295311,"w":-0.9968775510787964},"size":391.69866943359377,"orthographic":false}