{"cameraMode":{"drawMode":0,"name":"Shaded","section":"Shading Mode"},"sceneLighting":true,"audioPlay":false,"sceneViewState":{"m_AlwaysRefresh":false,"showFog":true,"showSkybox":true,"showFlares":true,"showImageEffects":true,"showParticleSystems":true,"showVisualEffectGraphs":true,"m_FxEnabled":true},"in2DMode":false,"pivot":{"x":54.244407653808597,"y":-27.408720016479493,"z":459.55230712890627},"rotation":{"x":0.019478725269436837,"y":0.04765964299440384,"z":-0.0009144478826783598,"w":0.998708188533783},"size":247.9463653564453,"orthographic":false}