{"cameraMode":{"drawMode":0,"name":"Shaded","section":"Shading Mode"},"sceneLighting":true,"audioPlay":false,"sceneViewState":{"m_AlwaysRefresh":false,"showFog":true,"showSkybox":true,"showFlares":true,"showImageEffects":true,"showParticleSystems":true,"showVisualEffectGraphs":true,"m_FxEnabled":true},"in2DMode":false,"pivot":{"x":-9.052826881408692,"y":-76.51520538330078,"z":102.2422103881836},"rotation":{"x":-0.2681960463523865,"y":0.0022882733028382065,"z":-0.0007699141860939562,"w":-0.9634332656860352},"size":85.59678649902344,"orthographic":false}