{"cameraMode":{"drawMode":0,"name":"Shaded","section":"Shading Mode"},"sceneLighting":false,"audioPlay":false,"sceneViewState":{"m_AlwaysRefresh":false,"showFog":true,"showSkybox":false,"showFlares":true,"showImageEffects":true,"showParticleSystems":true,"showVisualEffectGraphs":true,"m_FxEnabled":true},"in2DMode":false,"pivot":{"x":0.5361523032188416,"y":10.37160873413086,"z":-1.1433066129684449},"rotation":{"x":-0.19797495007514954,"y":0.044927436858415607,"z":-0.00939196813851595,"w":-0.9792163968086243},"size":0.7000892758369446,"orthographic":false}