{"cameraMode":{"drawMode":0,"name":"Shaded","section":"Shading Mode"},"sceneLighting":false,"audioPlay":false,"sceneViewState":{"m_AlwaysRefresh":false,"showFog":true,"showSkybox":false,"showFlares":true,"showImageEffects":true,"showParticleSystems":true,"showVisualEffectGraphs":true,"m_FxEnabled":true},"in2DMode":false,"pivot":{"x":-1.0398074388504029,"y":-5.449999809265137,"z":9.449999809265137},"rotation":{"x":-0.29957547783851626,"y":0.039483703672885898,"z":-0.012452797964215279,"w":-0.9532307982444763},"size":10.958398818969727,"orthographic":false}